{
    "productionType"   : "ra",
    
    /* variable parameters */

    "outputVersion"    : "1.0",

    "queue"            : "default",
    "attempts"         : "3",
    "failurePercent"   : "5",
    "processorParameters"  : "<parameters/>",
    
    /* type-specific parameters */

    "mapreduce.job.inputformat.class"  : "com.bc.calvalus.processing.hadoop.PatternBasedInputFormat",
    "mapreduce.job.map.class" : "com.bc.calvalus.processing.ra.RAMapper",
    "mapreduce.job.partitioner.class" : "com.bc.calvalus.processing.ra.RAPartitioner",
    "mapreduce.job.output.group.comparator.class" : "com.bc.calvalus.processing.ra.RAKey$GroupComparator",
    "mapreduce.job.reduce.class" : "com.bc.calvalus.processing.ra.RAReducer",
    "mapreduce.job.outputformat.class" : "com.bc.calvalus.processing.beam.SimpleOutputFormat",
    "mapreduce.map.output.key.class" : "com.bc.calvalus.processing.ra.RAKey",
    "mapreduce.map.output.value.class" : "com.bc.calvalus.processing.ra.RAValue",
    "overwrite": "true",

    /* mode dependent parameters */

    "calvalus.system.snap.pixelGeoCoding.useTiling" : "true",
    "calvalus.system.snap.dataio.reader.tileHeight" : "512",
    "calvalus.system.snap.dataio.reader.tileWidth" : "512",
    "calvalus.system.beam.pixelGeoCoding.useTiling" : "true",
    "calvalus.system.beam.reader.tileHeight" : "64",
    "calvalus.system.beam.reader.tileWidth" : "*",

    /* sizing parameters */

    "timeout"                                       : "600",  /* 600000 */
    "outputReplication"                             : "1",
    "outputUmask"                                   : "002",
    "processingMemory"                              : "2048",
    "aggregationMemory"                             : "2048",
    "snap.tileCache"                                : "1024",
    "mapreduce.reduce.shuffle.input.buffer.percent" : "0.35",
    "yarn.app.mapreduce.am.command-opts"            : "-Xmx384M -Djava.awt.headless=true",
    "yarn.app.mapreduce.am.resource.mb"             : "384",
    "dfs.blocksize"                                 : "2147483136",

    /* software parameters */

    "calvalus"                         : "calvalus-2.15-boe2",
    "snap"                             : "snap-7.0-boe",

    /* translation rules */

    "_translate.productionType"   : "calvalus.productionType",
    "_translate.productionName"   : "mapreduce.job.name",
    "_translate.inputPath"        : "calvalus.input.pathPatterns",
    "_translate.inputInventory"   : "calvalus.input.geoInventory",
    "_translate.catalogue"        : "calvalus.input.catalogue",
    "_translate.productIdentifiers" : "calvalus.input.productIdentifiers",
    "_translate.dateRanges"       : "calvalus.input.dateRanges",
    "_translate.minDate"          : [ [ "calvalus.input.dateRanges", "minMaxPeriodDateRange" ] ],
    "_translate.maxDate"          : [ [ "calvalus.input.dateRanges", "maxMinPeriodDateRange" ] ],
    "_translate.period"          : [ [ "calvalus.input.dateRanges", "periodMinMaxDateRange" ] ],
    "_translate.compositingPeriod" : [ [ "calvalus.input.dateRanges", "compositingPeriodDateRange" ] ],
    "_translate.dateList"          : [ [ "calvalus.input.dateRanges", "listDateRange" ] ],
    "_translate.regionGeometry"   : [ "calvalus.regionGeometry", "calvalus.mosaic.regionGeometry" ],
    "_translate.cloudFilterInput" : "calvalus.lc.sdr8mean",
    "_translate.outputDir"        : [ "calvalus.output.dir", "mapreduce.output.fileoutputformat.outputdir" ],
    "_translate.outputVersion"    : [ "calvalus.output.version", "calvalus.lc.version" ],
    "_translate.queue"            : "mapreduce.job.queuename",
    "_translate.attempts"         : "mapreduce.map.maxattempts",
    "_translate.failurePercent"   : "mapreduce.map.failures.maxpercent",
    "_translate.maxReducers"      : [ "mapreduce.job.reduces", "calvalus.mosaic.maxReducers" ],
    
    "_translate.processorAdapterType" : "calvalus.l2.processorType",
    "_translate.processorName"    : "calvalus.l2.operator",
    "_translate.processorParameters" : "calvalus.l2.parameters",
    "_translate.aggregationParameters" : "calvalus.l3.parameters",
    "_translate.raParameters.old"     : [ "calvalus.ra.parameters", [ "calvalus.regionGeometry", "raParameters2Region" ] ],
    "_translate.raParameters"     : [ [ "calvalus.ra.parameters", "raParameters2RaParameters" ], [ "calvalus.regionGeometry", "raParameters2Region" ] ],
    "_translate.sensor"           : [ "calvalus.lc.resolution", "calvalus.lc.sensor" ],
    "_translate.inputFormat"      : "calvalus.input.format",
    
    "_translate.timeout"          : [ [ "mapreduce.task.timeout", "seconds2Millis" ] ],
    "_translate.outputReplication" : "dfs.replication",
    "_translate.outputUmask"      : "fs.permissions.umask-mode",
    "_translate.processingMemory" : [ [ "mapreduce.map.java.opts", "javaOptsOfMem" ], [ "mapreduce.map.memory.mb", "add512" ] ],
    "_translate.aggregationMemory" : [ [ "mapreduce.reduce.java.opts", "javaOptsOfMem" ], [ "mapreduce.reduce.memory.mb", "add512" ] ],
    "_translate.snap.tileCache"   : "calvalus.system.snap.jai.tileCacheSize",
    
    "_translate.calvalus"         : "calvalus.calvalus.bundle",
    "_translate.snap"             : "calvalus.snap.bundle",
    "_translate.processorBundles" : "calvalus.bundles"

}
