{
  "inputTypes": [
    {
      "id": "S2_L1C",
      "name": "Sentinel-2 MSI L1C",
      "timeRange": ["06-23-2015", null]
    }
  ],
  "variables": [
    {
      "id": "lai",
      "name": "Effective Leaf Area Index",
      "unit": "m2/m2",
      "description": "Effective Leaf Area Index",
      "valueRange": "",
      "mayBeUserPrior": true,
      "applications": []
    },
    {
      "id": "cab",
      "name": "Leaf Chlorophyll Content",
      "unit": "ug/cm2",
      "description": "Leaf Chlorophyll Content",
      "valueRange": "",
      "mayBeUserPrior": true,
      "applications": []
    },
    {
      "id": "cb",
      "name": "Leaf Senescent Material",
      "unit": "",
      "description": "Leaf Senescent Material",
      "valueRange": "",
      "mayBeUserPrior": true,
      "applications": []
    },
    {
      "id": "car",
      "name": "Leaf Carotonoid Content",
      "unit": "ug/cm2",
      "description": "Leaf Carotonoid Content",
      "valueRange": "",
      "mayBeUserPrior": true,
      "applications": []
    },
    {
      "id": "cw",
      "name": "Leaf Water Content",
      "unit": "cm",
      "description": "Leaf Water Content",
      "valueRange": "",
      "mayBeUserPrior": true,
      "applications": []
    },
    {
      "id": "cdm",
      "name": "Leaf Dry Mass",
      "unit": "g/cm2",
      "description": "Leaf Dry Mass",
      "valueRange": "",
      "mayBeUserPrior": true,
      "applications": []
    },
    {
      "id": "n",
      "name": "Leaf Structure Parameter",
      "unit": "",
      "description": "Leaf Structure Parameter",
      "valueRange": "",
      "mayBeUserPrior": true,
      "applications": []
    },
    {
      "id": "ala",
      "name": "Average Leaf Angle",
      "unit": "degrees",
      "description": "Average Leaf Angle",
      "valueRange": "",
      "mayBeUserPrior": true,
      "applications": []
    },
    {
      "id": "bsoil",
      "name": "Soil Brightness",
      "unit": "",
      "description": "Soil Brightness Parameter",
      "valueRange": "",
      "mayBeUserPrior": true,
      "applications": []
    },
    {
      "id": "psoil",
      "name": "Soil Wetness",
      "unit": "",
      "description": "Soil Wetness Parameter",
      "valueRange": "",
      "mayBeUserPrior": true,
      "applications": []
    }
  ],
  "forwardModels": [
    {
      "id": "s2_prosail",
      "name": "PROSAIL for Sentinel-2",
      "description": "Coupling of PROSPECT leaf optical properties model and SAIL canopy bidirectional reflectance model. It links the spectral variation of canopy reflectance, which is mainly related to leaf biochemical contents, with its directional variation, which is primarily related to canopy architecture and soil/vegetation contrast.",
      "modelAuthors": "",
      "modelUrl": "http://teledetection.ipgp.jussieu.fr/prosail/",
      "inputType": "S2_L1C",
      "variables": ["n", "cab", "car", "cb", "cw", "cdm", "lai", "ala", "bsoil", "psoil"],
      "requiredPriors": ["lai", "cab", "cb", "sm", "sr"],
      "type": "kaska"
    }
  ],
  "postProcessors": [
    {
      "name": "MyFirstPostProcessor",
      "description": "It processes post",
      "type": 0,
      "inputTypes" : ["Sentinel-1"],
      "indicators": ["rdshfc", "hzrgnbhznt"]
    },
    {
      "name": "MySecondPostProcessor",
      "description": "This is a description.",
      "type": 1,
      "inputTypes" : [],
      "indicators": ["jdfgbzt"]
    }
  ],
  "indicators": [
    {
      "id": "rdshfc",
      "name": "Average Leaf Angle",
      "unit": "degrees",
      "description": "Average Leaf Angle",
      "valueRange": "",
      "mayBeUserPrior": true,
      "applications": []
    },
        {
      "id": "hzrgnbhznt",
      "name": "Soil Brightness",
      "unit": "",
      "description": "Soil Brightness Parameter",
      "valueRange": "",
      "mayBeUserPrior": true,
      "applications": []
    },
    {
      "id": "jdfgbzt",
      "name": "Leaf Dry Mass",
      "unit": "g/cm2",
      "description": "Leaf Dry Mass",
      "valueRange": "",
      "mayBeUserPrior": true,
      "applications": []
    }
  ]
}
