{
    "requestName" : "NAME",
    "productionType" : "infer-s2-kafka",
    "simulation" : "False",
    "data_root" : "WORKDIR",
    "log_dir": "LOGDIR",

    "General" : {
        "roi" : "POLYGON",
        "start_time" : "START_DATE",
        "end_time" : "STOP_DATE",
        "time_interval" : "TIME_STEP",
        "spatial_resolution" : "SPATIAL_RESOLUTION"
    },

    "Inference" : {
        "parameters" : [ "VARIABLE", "VARIABLE", "..." ],
        "time_interval" : "TIME_STEP"
    },

    "Prior" : {
        "output_directory" : "PRIOR_WORKDIR",
        "General" : {
            "directory_data" : "/data/auxiliary/priors/Static/Vegetation/"
        },
        "lai" : {
            "database" : {
                "static_dir" : "same as General directory_data"
            }
        },
        "cab" : {
            "database" : {
                "static_dir" : "same as General directory_data"
            }
        },
        "car" : {
            "database" : {
                "static_dir" : "same as General directory_data"
            }
        },
        "cw" : {
            "database" : {
                "static_dir" : "same as General directory_data"
            }
        },
        "cdm" : {
            "database" : {
                "static_dir" : "same as General directory_data"
            }
        },
        "n" : {
            "database" : {
                "static_dir" : "same as General directory_data"
            }
        },
        "cb" : {
            "database" : {
                "static_dir" : "same as General directory_data"
            }
        },
        "cm" : {
            "database" : {
                "static_dir" : "same as General directory_data"
            }
        },
        "ala" : {
            "database" : {
                "static_dir" : "same as General directory_data"
            }
        },
        "bsoil" : {
            "database" : {
                "static_dir" : "same as General directory_data"
            }
        },
        "psoil" : {
            "database" : {
                "static_dir" : "same as General directory_data"
            }
        }
    }
}


